TICKER,Benchmark,Correlation,P-Value
BIZD US Equity,BBREPBST Index,0.9439,0
BJAN US Equity,RAY Index,0.9921,0
DFE US Equity,MXEAJ Index,0.9806,0
DFEB US Equity,BBREAPT Index,0.9602,0
BJK US Equity,S5CASI Index,0.9787,0
BJUL US Equity,OEX Index,0.9666,0
BJUN US Equity,SPRL2 Index,0.9773,0
BKF US Equity,MXEF000G Index,0.9842,0
DFJ US Equity,MXPCSC Index,0.9736,0
DFNL US Equity,MSCLFNCL Index,0.9902,0
ARKG US Equity,MXAS0CS Index,0.9524,0
ARKK US Equity,MXEF000G Index,0.9237,0
ARKQ US Equity,MXFA Index,0.9344,0
ARKW US Equity,MXFE Index,0.9087,0
ARMR US Equity,SPR Index,0.9794,0
ASEA US Equity,SX9L Index,0.8681,0
ASET US Equity,M3CA Index,0.9665,0
DEF US Equity,S5HCES Index,0.9727,0
DEM US Equity,MSDUUK Index,0.9376,0
DES US Equity,MIDV Index,0.9815,0
DEUS US Equity,SPXEWI Index,0.993,0
ASHR US Equity,MXASJ Index,0.9227,0
ASHS US Equity,MXCHSC Index,0.9014,0
EQAL US Equity,RMV Index,0.9836,0
EQRR US Equity,MXWDUEN Index,0.9487,0
ERTH US Equity,CIND Index,0.922,0
AVDE US Equity,M3EU Index,0.9817,0
AVDV US Equity,S5CPGS Index,0.9488,0
ESGD US Equity,MXWOU Index,0.9935,0
AVEM US Equity,MXE2 Index,0.96,0
EEM US Equity,MXAPJ Index,0.9942,0
ESGE US Equity,MSELCAPF Index,0.9904,0
AVUS US Equity,SPXEWI Index,0.9954,0
AVUV US Equity,BBRESHOP Index,0.9164,0
AWAY US Equity,S15CASI Index,0.9732,0
ESGU US Equity,M6US Index,0.9991,0
EEMA US Equity,MXASJ Index,0.9947,0
ESGV US Equity,RRY Index,0.9976,0
EEMS US Equity,MXWD Index,0.9551,0
DLN US Equity,BBREPBST Index,0.9639,0
ESML US Equity,MXNASC Index,0.9986,0
DLS US Equity,MXEMSC Index,0.9829,0
EEMV US Equity,MXWDU Index,0.9062,0
DMAY US Equity,IXY Index,0.9427,0
EEMX US Equity,MXAPJ Index,0.995,0
DMXF US Equity,SXNL Index,0.9909,0
EES US Equity,MID Index,0.9669,0
DNL US Equity,MXEU000U Index,0.9763,0
DNOV US Equity,MXWDG Index,0.9841,0
EFA US Equity,MXWOU Index,0.9946,0
BAPR US Equity,SPW Index,0.9646,0
BATT US Equity,MXIL Index,0.9028,0
EFAV US Equity,FIDINTFP Index,0.991,0
AAXJ US Equity,MXASJ Index,0.9965,0
ACES US Equity,MXEF000G Index,0.8366,0
ACIO US Equity,S5SYSF Index,0.9625,0
ACWF US Equity,MXWD Index,0.9769,0
ACWI US Equity,MXWDM Index,0.9981,0
ACWV US Equity,SPX Index,0.9757,0
ACWX US Equity,MXWDU Index,0.9875,0
ADRE US Equity,MXEF000G Index,0.9852,0
AESR US Equity,MSDLNA Index,0.9972,0
AFK US Equity,MXWD0MT Index,0.8976,0
AGNG US Equity,S4HLTH Index,0.9268,0
CSB US Equity,MIDV Index,0.9546,0
CSD US Equity,MXWOSC Index,0.9687,0
CSF US Equity,MIDL1 Index,0.9653,0
AIA US Equity,MXFEJ Index,0.9945,0
CSM US Equity,SPXEWI Index,0.9801,0
AIEQ US Equity,SMLG Index,0.9611,0
AIQ US Equity,MXEA0IT Index,0.9783,0
AIRR US Equity,S6INDU Index,0.8976,0
CSML US Equity,RUJ Index,0.9849,0
CUT US Equity,S15CONP Index,0.9436,0
CWI US Equity,MXWDU Index,0.9825,0
DINT US Equity,MXAP0CD Index,0.9706,0
DIV US Equity,S5INSU Index,0.954,0
DIVB US Equity,MXUS000V Index,0.9827,0
DUSA US Equity,S5CPGS Index,0.9507,0
DWAW US Equity,MXPF0IT Index,0.8789,0
DVLU US Equity,MXNA0MT Index,0.9402,0
DVOL US Equity,SPXL1 Index,0.9744,0
DWLD US Equity,MSELCAPF Index,0.9728,0
DVY US Equity,DJDVP Index,0.9779,0
DWM US Equity,M3FR Index,0.958,0
DVYA US Equity,MXEA0MT Index,0.8984,0
DVYE US Equity,MXER0FN Index,0.9507,0
DWX US Equity,MSRLMAT Index,0.9437,0
DWAS US Equity,SMLG Index,0.9329,0
DXJ US Equity,S4ENRS Index,0.9215,0
DIVO US Equity,BBREPBST Index,0.9667,0
DYNF US Equity,MSELACWF Index,0.9921,0
DJD US Equity,DJDVP Index,0.9613,0
DJUL US Equity,DJGT Index,0.9695,0
DJUN US Equity,SPRL3 Index,0.9736,0
EBIZ US Equity,MXWDUCD Index,0.9728,0
BOCT US Equity,SPW Index,0.9762,0
BOTZ US Equity,RDG Index,0.9561,0
BOUT US Equity,SOX Index,0.8469,0
BRF US Equity,MGUEBZ Index,0.9383,0
BSEP US Equity,INX Index,0.9873,0
BTEC US Equity,MXAS0CS Index,0.9451,0
BKIE US Equity,MXEU000U Index,0.9858,0
BKLC US Equity,R200 Index,0.9993,0
BKSE US Equity,MXUSSC Index,0.9943,0
DOL US Equity,MXWD000V Index,0.9507,0
CNXT US Equity,MXWD0CD Index,0.8995,0
DON US Equity,M6US000V Index,0.9353,0
CNYA US Equity,MXWDOCD Index,0.8661,0
COPX US Equity,S5METL Index,0.9051,0
DRIV US Equity,MXWDO Index,0.9618,0
DSI US Equity,SPRL3 Index,0.9977,0
DSTL US Equity,M6US000V Index,0.9616,0
DTD US Equity,BBREPBST Index,0.9637,0
DTEC US Equity,RDG Index,0.9804,0
DTH US Equity,M3GB Index,0.9515,0
BLCN US Equity,MXPCSC Index,0.9514,0
BLES US Equity,BPITT Index,0.9792,0
BLOK US Equity,RUY Index,0.9266,0
BMAY US Equity,SPRL2 Index,0.9779,0
CHII US Equity,MXWDUIT Index,0.8801,0
CHIK US Equity,MXEF000G Index,0.9618,0
BNOV US Equity,RRY Index,0.9804,0
COWZ US Equity,S5INSUX Index,0.9686,0
CHIQ US Equity,MXAP0CD Index,0.9823,0
CQQQ US Equity,MXZH Index,0.9897,0
CRBN US Equity,MXWDM Index,0.9989,0
BAUG US Equity,XEO Index,0.9874,0
BBAX US Equity,M3AU Index,0.9687,0
BBCA US Equity,M3CA Index,0.989,0
CHIX US Equity,MXFEJ Index,0.8875,0
CIBR US Equity,MXUS0IT Index,0.9335,0
BBEU US Equity,MXEU000U Index,0.9893,0
BBH US Equity,RDG Index,0.9467,0
BBIN US Equity,MXWOU Index,0.9934,0
BBJP US Equity,MSDUJN Index,0.9824,0
BBMC US Equity,MIDG Index,0.9874,0
CLOU US Equity,RDG Index,0.9194,0
CNBS US Equity,MXEA0TC Index,0.9737,0
CNRG US Equity,MSELCFEF Index,0.769,0
BUFF US Equity,SPXL1 Index,0.9875,0
BUFR US Equity,SPXL1 Index,0.989,0
BUG US Equity,MXUS0IT Index,0.8955,0
CACG US Equity,MXWD000G Index,0.9908,0
CALF US Equity,SML Index,0.9586,0
CARZ US Equity,MXWDO Index,0.9531,0
CATH US Equity,SPRL2 Index,0.9989,0
DBEF US Equity,MSDLWXUS Index,0.9709,0
DBEM US Equity,MSELCAPF Index,0.9924,0
DBEU US Equity,SPOEXEUP Index,0.9679,0
AIVL US Equity,IVX Index,0.9725,0
CXSE US Equity,MXZH Index,0.9931,0
ALTL US Equity,BBREINDW Index,0.9529,0
DALI US Equity,S15STEL Index,0.8587,0
ALTY US Equity,MSDLWI Index,0.968,0
DBJP US Equity,MSDLP Index,0.7958,0
DDIV US Equity,BBRESHOP Index,0.9445,0
DDWM US Equity,MVLEACWF Index,0.9529,0
DEEP US Equity,S4INDU Index,0.9682,0
AMJ US Equity,S4ENRS Index,0.9719,0
DAUG US Equity,SPGLOB Index,0.9675,0
DAX US Equity,MSDUGR Index,0.9888,0
DBAW US Equity,MSDLEMU Index,0.9785,0
AMLP US Equity,S4ENRS Index,0.9702,0
AMOM US Equity,RDG Index,0.9678,0
AMZA US Equity,MXWDOEN Index,0.9613,0
ARKF US Equity,MXJPSC Index,0.918,0
ECH US Equity,MXCL Index,0.9857,0
ECNS US Equity,MXHKSC Index,0.9709,0
ECON US Equity,MXAP0CD Index,0.9885,0
EDEN US Equity,SXMK Index,0.9696,0
EDIV US Equity,MXWDUFN Index,0.9604,0
EDOC US Equity,MXEF000G Index,0.9519,0
EDOW US Equity,SPOEXEUP Index,0.9827,0
EELV US Equity,S5MLIN Index,0.963,0
DGRE US Equity,MSELCAPF Index,0.9723,0
DGRO US Equity,MXUS000V Index,0.9709,0
EFAX US Equity,MXEA Index,0.9958,0
EFG US Equity,MXEA000G Index,0.9972,0
EFIV US Equity,SPW Index,0.9804,0
EFV US Equity,MVUDFR Index,0.9668,0
EGPT US Equity,S5FOOT Index,0.8188,0
EIDO US Equity,SX9L Index,0.7677,0
EIRL US Equity,MXEMSC Index,0.9761,0
EIS US Equity,OEX Index,0.9619,0
DGRS US Equity,SMLV Index,0.9734,0
DGRW US Equity,BBREINDW Index,0.9617,0
DGS US Equity,S15HCFA Index,0.9132,0
DHS US Equity,S5PROP Index,0.978,0
DIA US Equity,DJI Index,0.9909,0
ENTR US Equity,MGUAJN Index,0.8819,0
ENZL US Equity,MXAS0CS Index,0.9183,0
EPHE US Equity,M3PH Index,0.9793,0
EPI US Equity,S5SYSF Index,0.9268,0
EPOL US Equity,MSEUEU Index,0.9542,0
EPP US Equity,MXPCJ Index,0.9689,0
EPS US Equity,SPOEXEUP Index,0.9963,0
EPU US Equity,MXCL0FN Index,0.6368,0
BBRE US Equity,DWRSF Index,0.9955,0
BBUS US Equity,R200 Index,0.9993,0
BDEC US Equity,SPRL3 Index,0.9942,0
BETZ US Equity,MXJPSC Index,0.9715,0
BFEB US Equity,SPW Index,0.9696,0
BFIT US Equity,MXWD0TC Index,0.9813,0
BIBL US Equity,MXWOG Index,0.9909,0
CCOR US Equity,S5FDBT Index,0.9414,0
CDC US Equity,S5INSU Index,0.9708,0
CDL US Equity,S5INSUX Index,0.9754,0
CFA US Equity,SPW Index,0.993,0
CFO US Equity,SPXEWI Index,0.9907,0
CGW US Equity,MSDUKOK Index,0.985,0
CHGX US Equity,MXWDG Index,0.9892,0
CHIE US Equity,S4ENRS Index,0.9672,0
EJAN US Equity,MSELCAPF Index,0.966,0
EJUL US Equity,MXPFJ Index,0.968,0
EMGF US Equity,MXE2 Index,0.9553,0
EMLP US Equity,S4ENRS Index,0.978,0
EMQQ US Equity,MXZH Index,0.9893,0
EMXC US Equity,MXWOU Index,0.9604,0
ENFR US Equity,S4ENRS Index,0.9868,0
ENOR US Equity,MXCASC Index,0.9571,0
FCOM US Equity,MXWOOTC Index,0.9968,0
FCPI US Equity,BBREPBST Index,0.9557,0
FCTR US Equity,MXWOSC Index,0.966,0
FDD US Equity,MXEA000V Index,0.9685,0
FDG US Equity,RDG Index,0.9894,0
FDIS US Equity,MSGLCDIS Index,0.9952,0
FJUL US Equity,OEX Index,0.9453,0
FJUN US Equity,S5SYSF Index,0.9495,0
FLBR US Equity,MXLA Index,0.9535,0
FLCH US Equity,MXZH Index,0.9961,0
FLEE US Equity,MXEU000U Index,0.9913,0
FLGB US Equity,M3GB Index,0.989,0
FLIN US Equity,S5SYSF Index,0.9319,0
FLJP US Equity,MSDUJN Index,0.9797,0
EWD US Equity,MXEUGSC Index,0.9884,0
EWG US Equity,MSDUGR Index,0.9955,0
EWH US Equity,MSDUHK Index,0.9861,0
EWI US Equity,MSDUFR Index,0.9804,0
EWJ US Equity,M3JP Index,0.9832,0
EWJV US Equity,MXEA000V Index,0.9206,0
EWK US Equity,MXEAJ Index,0.9773,0
EWL US Equity,MSDUSZ Index,0.9793,0
FAS US Equity,MXUS0FN Index,0.9947,0
FAUG US Equity,SPRL3 Index,0.9917,0
FBCG US Equity,MXWD000G Index,0.992,0
FBCV US Equity,IVX Index,0.9557,0
FBT US Equity,MXAP0HC Index,0.9155,0
FBZ US Equity,MXLA Index,0.943,0
FCG US Equity,S4ENRS Index,0.9967,0
FDL US Equity,S5AGRI Index,0.9789,0
FDLO US Equity,S5SYSF Index,0.9749,0
FDM US Equity,RUJ Index,0.9508,0
FDMO US Equity,MXUS0IT Index,0.9892,0
FDN US Equity,MXWD0TC Index,0.9643,0
FDNI US Equity,MXAP0CD Index,0.9789,0
FDRR US Equity,M6US000V Index,0.986,0
FMAY US Equity,SPXEWI Index,0.9705,0
FRI US Equity,DWRSF Index,0.9954,0
FSMD US Equity,RMV Index,0.9719,0
FSTA US Equity,S15CONS Index,0.9963,0
FTA US Equity,DJDVP Index,0.9501,0
FNDX US Equity,M6US000V Index,0.9699,0
FNGU US Equity,MXWD0CD Index,0.969,0
FNI US Equity,MXEF000G Index,0.971,0
FNK US Equity,SVX Index,0.957,0
FNOV US Equity,RMC Index,0.9818,0
FNX US Equity,RMC Index,0.9762,0
FNY US Equity,RDG Index,0.9687,0
EWM US Equity,MXAS0CS Index,0.7248,0
EWMC US Equity,MID Index,0.9897,0
ESPO US Equity,MXAS Index,0.9237,0
EUDG US Equity,MXEU000U Index,0.9855,0
EWN US Equity,MXEUGSC Index,0.9811,0
EUFN US Equity,SX7L Index,0.9927,0
EWO US Equity,SX7L Index,0.9681,0
EWP US Equity,MXFRSC Index,0.9252,0
EWQ US Equity,M3FR Index,0.9795,0
EWRE US Equity,BBREAPT Index,0.9863,0
EUSA US Equity,RRY Index,0.9947,0
EUSC US Equity,MSDLEASE Index,0.9742,0
EWA US Equity,MSDUAS Index,0.9505,0
EWC US Equity,M3CA Index,0.9938,0
EWS US Equity,M3SG Index,0.9815,0
EWCO US Equity,S6COND Index,0.9447,0
HEDJ US Equity,MSDLEASE Index,0.9863,0
HEEM US Equity,MSELCAPF Index,0.9931,0
HEFA US Equity,MSDLWXUS Index,0.968,0
HERO US Equity,MXEF000G Index,0.9728,0
HEWG US Equity,SXXL Index,0.9782,0
HEWJ US Equity,S5COMSX Index,0.7941,0
HEZU US Equity,MSELE18 Index,0.9898,0
FOVL US Equity,SVX Index,0.9709,0
FPX US Equity,RDG Index,0.9415,0
FPXI US Equity,MXFE Index,0.9481,0
FQAL US Equity,INX Index,0.9885,0
FRDM US Equity,MXEA0MT Index,0.8954,0
FREL US Equity,S15REAL Index,0.9979,0
FYT US Equity,SMLV Index,0.9634,0
FYX US Equity,SMLL3 Index,0.9873,0
GAMR US Equity,S5APAC Index,0.9304,0
FMIL US Equity,IVX Index,0.9374,0
GCOW US Equity,DJDVP Index,0.9269,0
GDX US Equity,XAU Index,0.9622,0
GDXJ US Equity,XAU Index,0.884,0
GEM US Equity,MSELCAPF Index,0.9843,0
GENY US Equity,MXHKSC Index,0.9567,0
FNCL US Equity,MXNA0FN Index,0.9985,0
FNDA US Equity,MIDL1 Index,0.9608,0
FNDB US Equity,M6US000V Index,0.9759,0
FNDC US Equity,MXEMSC Index,0.9793,0
FNDE US Equity,SX7K Index,0.969,0
FNDF US Equity,MXWDUFN Index,0.9739,0
GNR US Equity,DJDVP Index,0.9598,0
GOAU US Equity,XAU Index,0.9815,0
GOEX US Equity,XAU Index,0.9384,0
GQRE US Equity,DWRSF Index,0.9909,0
GREK US Equity,MVUDFR Index,0.927,0
GRID US Equity,RAY Index,0.9795,0
GSEW US Equity,RAY Index,0.9956,0
IEO US Equity,S15OILP Index,0.9982,0
IETC US Equity,RAG Index,0.997,0
IEUR US Equity,MXEU000U Index,0.9927,0
IEUS US Equity,MXEUSC Index,0.9966,0
IEV US Equity,MXEU000U Index,0.9888,0
IEZ US Equity,OSX Index,0.9964,0
IFGL US Equity,MXEUGSC Index,0.9722,0
IFRA US Equity,DJDVP Index,0.9417,0
EWZS US Equity,MXBR Index,0.9329,0
EXI US Equity,MXWO0IN Index,0.9916,0
EYLD US Equity,MXEA000V Index,0.9377,0
EZA US Equity,S15ALUM Index,0.8564,0
EZM US Equity,RMV Index,0.9802,0
EZU US Equity,MSEUEU Index,0.9934,0
FAB US Equity,IVX Index,0.9702,0
FAN US Equity,M3KR Index,0.8873,0
HUSV US Equity,BBREPBST Index,0.9631,0
IAI US Equity,MXUS0FN Index,0.9799,0
IAK US Equity,S5INSU Index,0.9894,0
IAT US Equity,CBNK Index,0.9893,0
IBB US Equity,RDG Index,0.8741,0
IBUY US Equity,MXWDUCD Index,0.966,0
EWSC US Equity,RUJ Index,0.9935,0
EWT US Equity,M3TW Index,0.9792,0
EWU US Equity,M3GB Index,0.9632,0
EWUS US Equity,MXGBSC Index,0.9976,0
FLKR US Equity,M3KR Index,0.9925,0
FLLV US Equity,S5HCES Index,0.9654,0
EWW US Equity,MXMX Index,0.9739,0
EWX US Equity,MXWDJ Index,0.9496,0
FLQL US Equity,SPX Index,0.9812,0
EWY US Equity,M3KR Index,0.9945,0
EWZ US Equity,MXLA Index,0.9487,0
FLV US Equity,IVX Index,0.9481,0
FM US Equity,MXGS Index,0.956,0
FMAT US Equity,S15MATR Index,0.9952,0
GSID US Equity,MXWOU Index,0.9947,0
GSIE US Equity,MXWOU Index,0.9892,0
GSLC US Equity,R200 Index,0.9979,0
IDNA US Equity,MXJPSC Index,0.8781,0
IDOG US Equity,M3GB Index,0.9652,0
GSSC US Equity,SMLL1 Index,0.9883,0
GSUS US Equity,R200 Index,0.9991,0
IDRV US Equity,MXWDO Index,0.9755,0
IDU US Equity,S15UTIL Index,0.9947,0
IDV US Equity,MSDUUK Index,0.9618,0
IDX US Equity,MVUECO Index,0.7945,0
IEFA US Equity,MXWOU Index,0.9941,0
IEMG US Equity,MSELCAPF Index,0.9871,0
FEZ US Equity,SX5K Index,0.9929,0
FFEB US Equity,SPW Index,0.9792,0
FFTY US Equity,M3JP Index,0.9281,0
FGD US Equity,M3GB Index,0.9764,0
FHLC US Equity,MXWOOHC Index,0.9881,0
FID US Equity,M3GB Index,0.9587,0
FDT US Equity,MXEMSC Index,0.9814,0
FDVV US Equity,S15INSU Index,0.9586,0
FEM US Equity,MXEFZ Index,0.9547,0
FEMS US Equity,MXAP0MT Index,0.9533,0
FENY US Equity,S15OILG Index,0.999,0
FEP US Equity,SXXL Index,0.9934,0
FEX US Equity,SPW Index,0.9916,0
HFXI US Equity,MSDLEMU Index,0.9823,0
HIPS US Equity,MSDLEAFE Index,0.9576,0
HLAL US Equity,BBREINDW Index,0.9638,0
HOMZ US Equity,BPITT Index,0.9813,0
HSCZ US Equity,MSDLXUXZ Index,0.978,0
HTEC US Equity,MXPCSC Index,0.9131,0
FXL US Equity,CCMP Index,0.9799,0
FXN US Equity,S15OILP Index,0.9958,0
FXO US Equity,S15FINL Index,0.9878,0
FXR US Equity,MSGLIND Index,0.9853,0
FXU US Equity,S15UTIL Index,0.9853,0
FXZ US Equity,SPSIMM Index,0.9663,0
FYC US Equity,SMLG Index,0.9769,0
FYLD US Equity,M3GB Index,0.9631,0
FIDI US Equity,MSDUUK Index,0.9654,0
FIDU US Equity,S15INDU Index,0.9966,0
GERM US Equity,MXWD0TC Index,0.9172,0
GII US Equity,S4ENRS Index,0.9599,0
GMF US Equity,MXAPJ Index,0.9848,0
GNOM US Equity,MXAP0HC Index,0.9385,0
FTC US Equity,M6US000G Index,0.9859,0
FTCS US Equity,SPXL1 Index,0.9856,0
FTEC US Equity,MXUS0IT Index,0.9996,0
FTRI US Equity,DJDVP Index,0.9218,0
FTXL US Equity,SOX Index,0.9851,0
FTXN US Equity,S15OILP Index,0.9975,0
FTXO US Equity,CBNK Index,0.9885,0
FTXR US Equity,CTRN Index,0.9815,0
FUTY US Equity,S15UTIL Index,0.9921,0
FV US Equity,SPW Index,0.9086,0
FVAL US Equity,SPW Index,0.9865,0
ICF US Equity,S15REAL Index,0.9888,0
ICLN US Equity,MXAPJCS Index,0.7141,0
FVD US Equity,M6US000V Index,0.9469,0
FXD US Equity,S4COND Index,0.9837,0
FXG US Equity,S5AGRI Index,0.9674,0
FXH US Equity,RMC Index,0.9456,0
FXI US Equity,MXZH Index,0.991,0
ICOW US Equity,MXEA000V Index,0.9444,0
IDEV US Equity,MXWOU Index,0.9899,0
IDHQ US Equity,FIDINTFP Index,0.9934,0
IDLV US Equity,MSDUKOK Index,0.9571,0
FILL US Equity,MSGLENR Index,0.9979,0
FINX US Equity,MXJPSC Index,0.9071,0
FIVA US Equity,MXWDUFN Index,0.9803,0
FIVG US Equity,SOX Index,0.975,0
FIW US Equity,RAY Index,0.9707,0
GUNR US Equity,S5AGRI Index,0.9807,0
GVAL US Equity,MXER0FN Index,0.974,0
GVIP US Equity,RDG Index,0.9787,0
GWX US Equity,MXWOUSC Index,0.9924,0
GXC US Equity,MXZH Index,0.9972,0
GXG US Equity,MVUECO Index,0.9602,0
GXTG US Equity,MXWD0TC Index,0.9335,0
HACK US Equity,RDG Index,0.956,0
HAIL US Equity,MSELCFEF Index,0.9575,0
HAUZ US Equity,MXEAJ Index,0.9815,0
HAWX US Equity,MSDLEMU Index,0.9784,0
HDEF US Equity,MXWO0MT Index,0.9444,0
HDMV US Equity,MXEU000U Index,0.9802,0
HDV US Equity,S5AGRI Index,0.9756,0
IQLT US Equity,SXXL Index,0.9842,0
IQSU US Equity,OEX Index,0.9928,0
IRBO US Equity,MXFA Index,0.9322,0
IFV US Equity,MXE2 Index,0.9863,0
IGE US Equity,MXNA0EN Index,0.9943,0
IGF US Equity,S5PROP Index,0.9584,0
ISCF US Equity,MXWOU Index,0.9753,0
ISCG US Equity,MXAP Index,0.9137,0
ISCV US Equity,MIDV Index,0.9813,0
ISDX US Equity,MXWD000V Index,0.9738,0
ISMD US Equity,RUJ Index,0.9789,0
IGM US Equity,MXWO000G Index,0.9964,0
IGN US Equity,S15INFT Index,0.9122,0
IGRO US Equity,M3EU Index,0.9766,0
IGV US Equity,RDG Index,0.987,0
IHAK US Equity,CCMP Index,0.942,0
IJS US Equity,SMLV Index,0.9933,0
IJT US Equity,SMLG Index,0.999,0
IJUL US Equity,MSEUEU Index,0.971,0
ILCB US Equity,MSDLNA Index,0.999,0
ILCG US Equity,MXUS000G Index,0.995,0
ILCV US Equity,MXUS000V Index,0.9795,0
ILF US Equity,MXLA Index,0.9707,0
IMCB US Equity,RRY Index,0.9923,0
IYJ US Equity,S5CPGS Index,0.9778,0
IYK US Equity,MXNA0CS Index,0.9572,0
IYM US Equity,MXNA0MT Index,0.9851,0
IYR US Equity,S15REAL Index,0.9964,0
IYT US Equity,S15TRAN Index,0.9843,0
IYW US Equity,MSGLIT Index,0.9972,0
IYY US Equity,MSDLNA Index,0.9991,0
IYZ US Equity,MXGBSC Index,0.9729,0
IMCG US Equity,MXWD000G Index,0.9821,0
IWC US Equity,RTY Index,0.9847,0
IWD US Equity,M6US000V Index,0.996,0
IWF US Equity,RLG Index,0.9989,0
IMCV US Equity,BBRESHOP Index,0.9548,0
IWL US Equity,XEO Index,0.9987,0
IWM US Equity,RUY Index,0.9984,0
IWN US Equity,RUJ Index,0.996,0
IWO US Equity,MSALAAPF Index,0.923,0
IWP US Equity,RDG Index,0.9996,0
IMTM US Equity,MXEUGSC Index,0.9641,0
INDA US Equity,S5SYSF Index,0.9286,0
INDS US Equity,BBREINDW Index,0.9857,0
INDY US Equity,S5SYSF Index,0.9188,0
INTF US Equity,MXEAJ Index,0.9792,0
IZRL US Equity,MXAS Index,0.966,0
JDIV US Equity,DJDVP Index,0.9741,0
JPME US Equity,MXUS000V Index,0.968,0
JPSE US Equity,MID Index,0.9668,0
JPUS US Equity,BBRESHOP Index,0.9561,0
JQUA US Equity,SPXL1 Index,0.9847,0
JSMD US Equity,S4HLTH Index,0.9506,0
JSML US Equity,MXPC Index,0.9478,0
JUST US Equity,SPRL2 Index,0.9989,0
JEPI US Equity,S5HCES Index,0.9665,0
JETS US Equity,S15AIRL Index,0.9839,0
JHEM US Equity,MSALAAPF Index,0.9762,0
JHMD US Equity,MXWOU Index,0.9907,0
JHME US Equity,S15OILP Index,0.9982,0
IXN US Equity,MXWOOIT Index,0.9971,0
IXP US Equity,MXWO0TC Index,0.9957,0
IXUS US Equity,MXEA Index,0.9874,0
IYC US Equity,MXWO0CD Index,0.9871,0
IYE US Equity,S15OILG Index,0.9988,0
IYF US Equity,MXNA0FN Index,0.9957,0
IYG US Equity,MXUS0FN Index,0.987,0
IYH US Equity,MXNA0HC Index,0.9977,0
IVAL US Equity,MXAP0MT Index,0.946,0
IVE US Equity,M6US000V Index,0.9883,0
IVLU US Equity,MXWDUFN Index,0.9683,0
IVOO US Equity,MID Index,0.9953,0
IVOV US Equity,MIDV Index,0.9884,0
IVV US Equity,SPXL3 Index,0.9961,0
IVW US Equity,SGX Index,0.9989,0
IWB US Equity,R200 Index,0.9988,0
JHMI US Equity,MSGLIND Index,0.9833,0
JHML US Equity,SPX Index,0.9984,0
JHMM US Equity,RRY Index,0.9901,0
JHSC US Equity,MID Index,0.9854,0
JMOM US Equity,SGX Index,0.9924,0
JPEM US Equity,MXEFZ Index,0.9473,0
JPIN US Equity,MXGBSC Index,0.975,0
LSAF US Equity,BPITT Index,0.9795,0
LVHD US Equity,S15CONS Index,0.9638,0
LVHI US Equity,S5PROP Index,0.9444,0
MCHI US Equity,MXZH Index,0.9963,0
MDY US Equity,MIDL1 Index,0.9961,0
MDYG US Equity,MIDG Index,0.9991,0
KRMA US Equity,M6US Index,0.9975,0
KSA US Equity,MXWDOEN Index,0.949,0
KURE US Equity,MXEF0HC Index,0.9825,0
KWEB US Equity,MXEF0CD Index,0.9889,0
KXI US Equity,MXWOOCS Index,0.9803,0
LCG US Equity,RDG Index,0.9774,0
IOO US Equity,SPOEXEUP Index,0.9817,0
IPAC US Equity,MXAP0IN Index,0.9734,0
IPAY US Equity,MXJPSC Index,0.9444,0
IPKW US Equity,MXASJMT Index,0.9689,0
IPO US Equity,MGUAJN Index,0.9244,0
IQDF US Equity,MXEAJ Index,0.9784,0
IQDG US Equity,MXER0IN Index,0.9843,0
IQDY US Equity,MXEA000V Index,0.9725,0
KJAN US Equity,RMC Index,0.9677,0
KJUL US Equity,RUY Index,0.9428,0
KLCD US Equity,M6US000V Index,0.9693,0
KNG US Equity,MXUS000V Index,0.9693,0
KOCT US Equity,MIDG Index,0.9566,0
KOKU US Equity,MSDLWI Index,0.9985,0
KOMP US Equity,MSALAAPF Index,0.9596,0
KRE US Equity,CBNK Index,0.9864,0
KBWD US Equity,MXUS0FN Index,0.9617,0
KBWR US Equity,S6BANKX Index,0.9915,0
KBWY US Equity,BBREPBST Index,0.9391,0
KCE US Equity,RAY Index,0.9836,0
KEMQ US Equity,MXZH Index,0.9814,0
KGRN US Equity,RDG Index,0.833,0
KIE US Equity,S15INSU Index,0.9506,0
JVAL US Equity,SPW Index,0.9901,0
JXI US Equity,MSCLUTI Index,0.9814,0
KAPR US Equity,RDG Index,0.9415,0
KARS US Equity,CCMP Index,0.9364,0
KBA US Equity,MXWDOCD Index,0.8628,0
KBE US Equity,CBNK Index,0.995,0
KBWB US Equity,BKX Index,0.9969,0
ISZE US Equity,MXWOUSC Index,0.9921,0
ITA US Equity,S15AEROX Index,0.9179,0
ITB US Equity,HGX Index,0.9846,0
OEUR US Equity,SXMK Index,0.9767,0
MDYV US Equity,MIDV Index,0.9884,0
ITEQ US Equity,MXAS Index,0.9041,0
ITOT US Equity,ROY Index,0.9993,0
IUS US Equity,BBREPBST Index,0.9575,0
MFEM US Equity,MXWDU Index,0.9614,0
IUSG US Equity,SGX Index,0.9995,0
IUSV US Equity,MXUS000V Index,0.9886,0
MGC US Equity,XSP Index,0.9991,0
MGK US Equity,RLG Index,0.9985,0
MGV US Equity,S15INSU Index,0.9512,0
MILN US Equity,RDG Index,0.9809,0
MJ US Equity,MXPFJ Index,0.9663,0
MLPA US Equity,S4ENRS Index,0.9696,0
IHDG US Equity,MSDLEASE Index,0.9761,0
IHF US Equity,S5HCES Index,0.8976,0
IHI US Equity,S5HCEP Index,0.9862,0
IJAN US Equity,MSDLEMU Index,0.9789,0
IJH US Equity,MID Index,0.9953,0
IJJ US Equity,MIDV Index,0.9891,0
IJK US Equity,MIDG Index,0.9991,0
IJR US Equity,SML Index,0.9967,0
OGIG US Equity,MXAS Index,0.8938,0
OIH US Equity,OSX Index,0.9963,0
OMFL US Equity,MXAM Index,0.9773,0
OMFS US Equity,SMLL3 Index,0.9868,0
ONEQ US Equity,CCMP Index,0.9977,0
ONEY US Equity,S15INSU Index,0.9588,0
ONLN US Equity,MXEF000G Index,0.9702,0
PBUS US Equity,R200 Index,0.999,0
PBW US Equity,MXEF000G Index,0.912,0
PDEC US Equity,SPR Index,0.989,0
PDN US Equity,MXWOUSC Index,0.9884,0
PDP US Equity,RDG Index,0.9782,0
PEJ US Equity,MXNASC Index,0.8972,0
PEY US Equity,DJDVP Index,0.9688,0
PEZ US Equity,RUY Index,0.9459,0
MLPX US Equity,S4ENRS Index,0.9919,0
MMLG US Equity,RDG Index,0.986,0
MOAT US Equity,INDU Index,0.9793,0
MOO US Equity,S5MLIN Index,0.9373,0
MORT US Equity,MXNASC Index,0.9664,0
MSOS US Equity,MXFEJ Index,0.9747,0
MTUM US Equity,MXWD000G Index,0.9761,0
PID US Equity,S5MLIN Index,0.9508,0
PIE US Equity,MXWDU Index,0.9246,0
PIN US Equity,S5SYSF Index,0.9332,0
PIO US Equity,MXWDG Index,0.9805,0
PIZ US Equity,MXEA0IT Index,0.9861,0
PJAN US Equity,RRY Index,0.9858,0
PJP US Equity,M3AU Index,0.8239,0
OSCV US Equity,MIDV Index,0.962,0
OUSA US Equity,S15REAL Index,0.9733,0
OUSM US Equity,S15INDU Index,0.9776,0
OVL US Equity,SPXL1 Index,0.9986,0
PALC US Equity,SPOEXEUP Index,0.9865,0
PAMC US Equity,MXNASC Index,0.9655,0
PAPR US Equity,SPXEWI Index,0.9684,0
PAUG US Equity,SPXEWI Index,0.9835,0
MXI US Equity,MXWO0MT Index,0.983,0
NANR US Equity,MXNA0EN Index,0.9838,0
NERD US Equity,MXFEJ Index,0.9829,0
NETL US Equity,DJI Index,0.9533,0
NFRA US Equity,S5CPGS Index,0.9339,0
NGE US Equity,MXPFJ Index,0.8746,0
NJAN US Equity,M6US000G Index,0.9824,0
NJUL US Equity,RLG Index,0.9798,0
LDEM US Equity,MSELCAPF Index,0.9802,0
LEGR US Equity,MXWDO Index,0.9749,0
LGLV US Equity,S5COMS Index,0.9534,0
LIT US Equity,S5SYSF Index,0.9142,0
LOUP US Equity,M3JP Index,0.9307,0
LRGE US Equity,MXWO000G Index,0.9936,0
LRGF US Equity,SPXL2 Index,0.9909,0
LRNZ US Equity,MGUAJN Index,0.9134,0
NOBL US Equity,M6US000V Index,0.9635,0
NOCT US Equity,SGX Index,0.9846,0
NORW US Equity,MXCASC Index,0.9579,0
NUDM US Equity,MXWOU Index,0.994,0
NUEM US Equity,MSELCAPF Index,0.9843,0
IWR US Equity,RMC Index,0.9968,0
IWS US Equity,RMV Index,0.9916,0
IWV US Equity,MXUS Index,0.9992,0
NULG US Equity,M6US000G Index,0.9951,0
NULV US Equity,RLV Index,0.9939,0
NUMG US Equity,RDG Index,0.9943,0
NUMV US Equity,RLV Index,0.99,0
NURE US Equity,BBREAPT Index,0.9857,0
NUSC US Equity,MXUSSC Index,0.9978,0
NXTG US Equity,SOX Index,0.9805,0
OEF US Equity,XEO Index,0.9967,0
PAVE US Equity,S5TRADX Index,0.9693,0
IWX US Equity,MXUS000V Index,0.9929,0
PAWZ US Equity,MXWD0TC Index,0.9743,0
IWY US Equity,IGX Index,0.9984,0
IXC US Equity,MSGLENR Index,0.9989,0
PBD US Equity,MXEF000G Index,0.8948,0
PBDM US Equity,MXEA Index,0.9946,0
IXG US Equity,MXWD0FN Index,0.9929,0
IXJ US Equity,MXKO0HC Index,0.9958,0
PBJ US Equity,S5AGRI Index,0.9601,0
PBP US Equity,BBREAPT Index,0.974,0
PBS US Equity,RUY Index,0.9451,0
PBSM US Equity,MXNASC Index,0.9974,0
PFEB US Equity,SPXEWI Index,0.9715,0
PFFR US Equity,MXNA0TC Index,0.9653,0
PFI US Equity,NDF Index,0.9846,0
PFM US Equity,MXUS000V Index,0.9654,0
PGJ US Equity,MXZH Index,0.9815,0
PHDG US Equity,S5INFT Index,0.9619,0
PHO US Equity,S5ELEQ Index,0.9658,0
PICK US Equity,S15ALUM Index,0.9322,0
PRNT US Equity,MXAP Index,0.9461,0
PSC US Equity,SMLL3 Index,0.9828,0
PSCD US Equity,S6COND Index,0.9993,0
PSCE US Equity,S6OILP Index,0.983,0
PSCI US Equity,S6INDU Index,0.9966,0
PSCT US Equity,S6INFT Index,0.9989,0
PSEP US Equity,SPXL2 Index,0.9643,0
PSET US Equity,SPXL3 Index,0.984,0
PJUL US Equity,S5TRADX Index,0.9179,0
PJUN US Equity,SPXEWI Index,0.9668,0
PKB US Equity,HGX Index,0.9772,0
PKW US Equity,SPOEXEUP Index,0.9846,0
PMAR US Equity,BBREAPT Index,0.9526,0
PMAY US Equity,SPR Index,0.9673,0
PNOV US Equity,RRY Index,0.9742,0
QLD US Equity,MXWO000G Index,0.9929,0
QQEW US Equity,CCMP Index,0.993,0
QQQ US Equity,NDQ Index,0.9991,0
QQQE US Equity,CCMP Index,0.9928,0
QQQN US Equity,RDG Index,0.9625,0
REGL US Equity,S4MATR Index,0.8916,0
REM US Equity,MXNASC Index,0.9631,0
PNQI US Equity,MXJPSC Index,0.9215,0
POCT US Equity,SPW Index,0.9675,0
REMX US Equity,S5HCES Index,0.9335,0
POTX US Equity,MXEF000G Index,0.9645,0
PPA US Equity,S15AERO Index,0.9212,0
PPH US Equity,S5PHAR Index,0.9611,0
PRF US Equity,M6US000V Index,0.9862,0
PRFZ US Equity,MIDL1 Index,0.974,0
PRN US Equity,S4INFT Index,0.9544,0
REVS US Equity,M6US000V Index,0.9803,0
REZ US Equity,BBREAPT Index,0.9891,0
RFV US Equity,MIDV Index,0.9697,0
RGI US Equity,S15INDU Index,0.9779,0
RHS US Equity,S5FDBT Index,0.9772,0
SCHM US Equity,RMC Index,0.9922,0
SCHV US Equity,M6US000V Index,0.9943,0
SCHX US Equity,R200 Index,0.9989,0
SGDJ US Equity,XAU Index,0.8888,0
SGDM US Equity,XAU Index,0.9246,0
SH US Equity,S5ITEL Index,0.6442,0
SCZ US Equity,MXWOUSC Index,0.9971,0
SDEM US Equity,MXEFZ Index,0.9388,0
SDG US Equity,MXE2 Index,0.9299,0
SDIV US Equity,MXAS0MT Index,0.9519,0
RYE US Equity,MSGLENR Index,0.9984,0
RYF US Equity,S5FINL Index,0.9891,0
RYLD US Equity,MXAM Index,0.9521,0
SHE US Equity,MXWOSC Index,0.973,0
SIL US Equity,MXBR0CD Index,0.89,0
SILJ US Equity,XAU Index,0.8385,0
SIMS US Equity,RUY Index,0.9563,0
SIXH US Equity,S5MLIN Index,0.9198,0
RYT US Equity,MSGLIT Index,0.9881,0
RYU US Equity,S15UTIL Index,0.9877,0
RZV US Equity,MXCASC Index,0.9322,0
SBIO US Equity,MXAS0CS Index,0.9554,0
SCHA US Equity,MXUSSC Index,0.9932,0
ROOF US Equity,BBRERTL Index,0.9527,0
QCLN US Equity,S4INFT Index,0.7911,0
PXI US Equity,S15OILP Index,0.9959,0
ROUS US Equity,S15REAL Index,0.9706,0
PXJ US Equity,SPSIOS Index,0.9962,0
RPG US Equity,MXWO0IT Index,0.9888,0
PYZ US Equity,S15MATR Index,0.9752,0
QABA US Equity,S6BANKX Index,0.9971,0
QARP US Equity,INX Index,0.9877,0
QAT US Equity,S4ENRS Index,0.9552,0
RPV US Equity,DJDVP Index,0.9813,0
RSP US Equity,SPW Index,0.9947,0
RSX US Equity,MXEA000G Index,0.9433,0
RTH US Equity,OEX Index,0.9733,0
RTM US Equity,DJDVP Index,0.9477,0
PTH US Equity,MXAP0HC Index,0.8777,0
PUTW US Equity,BBREINDW Index,0.9554,0
PWB US Equity,CCMP Index,0.9911,0
PWV US Equity,S15INSU Index,0.9731,0
PXE US Equity,S15OILP Index,0.9961,0
PXF US Equity,MXWDUFN Index,0.976,0
PXH US Equity,MXEFZ Index,0.9511,0
RING US Equity,XAU Index,0.9621,0
RNRG US Equity,MXAP0HC Index,0.7373,0
ROAM US Equity,MXEFZ Index,0.9568,0
ROBO US Equity,MXWDUIT Index,0.9654,0
ROBT US Equity,RDG Index,0.9546,0
RODM US Equity,MXEAJ Index,0.9753,0
QDEF US Equity,S15REAL Index,0.9766,0
QDF US Equity,M6US000V Index,0.9842,0
QEFA US Equity,M3EU Index,0.983,0
QGRO US Equity,RAG Index,0.988,0
QINT US Equity,MXEASC Index,0.9889,0
QLC US Equity,INX Index,0.9919,0
SIZE US Equity,MSDLWI Index,0.9946,0
SKYY US Equity,RDG Index,0.9808,0
SLVP US Equity,MXBR0CD Index,0.8481,0
SLX US Equity,S15METL Index,0.9296,0
SLY US Equity,SML Index,0.9959,0
SLYG US Equity,SMLG Index,0.9989,0
SLYV US Equity,SMLV Index,0.9924,0
SDOG US Equity,DJDVP Index,0.9908,0
SDVY US Equity,MID Index,0.9811,0
SDY US Equity,DJDVP Index,0.9506,0
SECT US Equity,SPXL2 Index,0.9924,0
SFY US Equity,M6US Index,0.998,0
SFYF US Equity,MGLEACWF Index,0.9685,0
SFYX US Equity,MIDG Index,0.9827,0
QYLD US Equity,CCMP Index,0.9736,0
RAAX US Equity,MXWDOEN Index,0.9631,0
RCD US Equity,RMC Index,0.9707,0
RDIV US Equity,S5AGRI Index,0.9595,0
RDVY US Equity,MXNA0FN Index,0.9907,0
REET US Equity,S15REAL Index,0.9933,0
SRVR US Equity,MXWD0HC Index,0.9096,0
SSO US Equity,R200 Index,0.9989,0
SSPY US Equity,M6US000V Index,0.9823,0
SSUS US Equity,SPXEWI Index,0.9821,0
SUSA US Equity,MXUS Index,0.9967,0
SUSL US Equity,SPXL2 Index,0.996,0
SYLD US Equity,MIDV Index,0.9437,0
QTEC US Equity,CCMP Index,0.9922,0
QTUM US Equity,SOX Index,0.9841,0
QUAL US Equity,MSDLWI Index,0.9944,0
QUS US Equity,SPX Index,0.9895,0
QVAL US Equity,MXUS000V Index,0.9517,0
SMDV US Equity,S6BANKX Index,0.9179,0
SMH US Equity,SOX Index,0.9967,0
SPMO US Equity,IXT Index,0.9784,0
SPSM US Equity,SML Index,0.9961,0
SPTM US Equity,XSP Index,0.9976,0
SMIN US Equity,S5SYSF Index,0.9393,0
SMLF US Equity,MID Index,0.9653,0
SMMD US Equity,MXNASC Index,0.9955,0
SMMV US Equity,MID Index,0.972,0
SMOG US Equity,CIND Index,0.8739,0
SPUS US Equity,IXT Index,0.986,0
SPVU US Equity,DJDVP Index,0.9466,0
SPXL US Equity,ROY Index,0.9973,0
SPY US Equity,SPXL3 Index,0.9961,0
TAN US Equity,MGUAJN Index,0.6856,0
TCHP US Equity,MXWD000G Index,0.9863,0
TDIV US Equity,SPOEXEUP Index,0.9815,0
TDV US Equity,IXT Index,0.9817,0
TDVG US Equity,SPXEWI Index,0.9702,0
TECB US Equity,MXWD000G Index,0.9887,0
TECL US Equity,MXWO0IT Index,0.9942,0
TEQI US Equity,S15INSU Index,0.9565,0
PSI US Equity,SOX Index,0.9877,0
PSJ US Equity,MXWDUCD Index,0.963,0
PSP US Equity,MXWDG Index,0.9772,0
PTF US Equity,CIND Index,0.9517,0
SPGM US Equity,SPGLOB Index,0.9975,0
SPGP US Equity,SPXL2 Index,0.9845,0
SPHB US Equity,MXUS0FN Index,0.964,0
SPHD US Equity,S5FDBT Index,0.9611,0
SPHQ US Equity,SPOEXEUP Index,0.9899,0
SPLG US Equity,SPXL3 Index,0.996,0
SPLV US Equity,S15CONS Index,0.965,0
SPMD US Equity,MIDL1 Index,0.9952,0
SPYC US Equity,R200 Index,0.9978,0
RWJ US Equity,MIDV Index,0.9572,0
RWK US Equity,MIDV Index,0.9855,0
RWL US Equity,BBREPBST Index,0.9609,0
RWO US Equity,BBRELRGC Index,0.9902,0
RWR US Equity,DWRSF Index,0.9961,0
RWX US Equity,MXEAJ Index,0.9706,0
RXI US Equity,MXWO0CD Index,0.9908,0
SCHB US Equity,M6US Index,0.9993,0
SCHC US Equity,MXWOUSC Index,0.9899,0
SCHD US Equity,M6US000V Index,0.9562,0
TPYP US Equity,S4ENRS Index,0.9892,0
TQQQ US Equity,MXWO000G Index,0.9903,0
SCHE US Equity,MSELCAPF Index,0.9843,0
SCHF US Equity,MXWOU Index,0.9927,0
SCHG US Equity,RLG Index,0.9987,0
SCHH US Equity,S15REAL Index,0.9917,0
SCHK US Equity,MSDLNA Index,0.999,0
TTAC US Equity,SPXL3 Index,0.9824,0
TUR US Equity,M3TR Index,0.9281,0
UAE US Equity,S5FDRE Index,0.936,0
SPYD US Equity,DJDVP Index,0.9759,0
SPYG US Equity,SGX Index,0.9986,0
SPYV US Equity,M6US000V Index,0.9866,0
SPYX US Equity,SPX Index,0.9993,0
SQEW US Equity,NDF Index,0.9733,0
SQQQ US Equity,S5ITEL Index,0.6857,0
SRET US Equity,S5CPGS Index,0.9625,0
THCX US Equity,MXFEJ Index,0.9659,0
THD US Equity,MXCL0FN Index,0.8015,0
TILT US Equity,MXNA Index,0.9958,0
TLTD US Equity,MXWOU Index,0.986,0
TLTE US Equity,MXE2 Index,0.962,0
TMFC US Equity,RLG Index,0.9988,0
TMFS US Equity,MXJPSC Index,0.8946,0
SPD US Equity,MXNA Index,0.994,0
SPDV US Equity,DJDVP Index,0.9749,0
SPDW US Equity,MXWOU Index,0.9933,0
SPEM US Equity,MSALAAPF Index,0.9717,0
SPEU US Equity,M3EU Index,0.992,0
TNA US Equity,RTY Index,0.9748,0
TOK US Equity,MSDLWI Index,0.9982,0
SNPE US Equity,OEX Index,0.9802,0
TOKE US Equity,MXPFJ Index,0.9756,0
TOLZ US Equity,S4ENRS Index,0.9363,0
TPHD US Equity,S5INSUX Index,0.9573,0
TPIF US Equity,MXEA Index,0.9909,0
TPLC US Equity,SPXL1 Index,0.9884,0
SNSR US Equity,MXWD000G Index,0.9854,0
SOCL US Equity,MXWDUCD Index,0.9675,0
SOXL US Equity,MXWD000G Index,0.945,0
SOXX US Equity,SOX Index,0.9967,0
UAPR US Equity,SPXEWI Index,0.9686,0
UDEC US Equity,MXWOM Index,0.9827,0
UFO US Equity,MXDESC Index,0.9413,0
UJAN US Equity,MXWDE Index,0.9889,0
UJUL US Equity,IXY Index,0.9649,0
UJUN US Equity,IXY Index,0.9527,0
ULVM US Equity,M6US000V Index,0.9855,0
UMAY US Equity,IXY Index,0.9486,0
UNOV US Equity,MXWDG Index,0.9754,0
UOCT US Equity,SPRL3 Index,0.9692,0
UPRO US Equity,ROY Index,0.9972,0
URA US Equity,S5INSB Index,0.9067,0
URNM US Equity,S5INSB Index,0.8968,0
URTH US Equity,MXWOM Index,0.9985,0
USMC US Equity,S5SYSF Index,0.9757,0
USMV US Equity,MXNA0HC Index,0.9705,0
USRT US Equity,DWRSF Index,0.9944,0
USSG US Equity,SPXL2 Index,0.9959,0
USVM US Equity,MID Index,0.9714,0
USXF US Equity,MSELACWF Index,0.9941,0
UTRN US Equity,MSDLWI Index,0.9715,0
VALQ US Equity,M6US000V Index,0.9696,0
VAW US Equity,S15MATR Index,0.9964,0
VB US Equity,MXNASC Index,0.9935,0
VBK US Equity,RDG Index,0.9576,0
VBR US Equity,MIDV Index,0.9869,0
VCR US Equity,MSGLCDIS Index,0.9945,0
VDC US Equity,S15CONS Index,0.9963,0
VDE US Equity,S15OILG Index,0.9989,0
VEA US Equity,MXWOU Index,0.9922,0
VEGI US Equity,DJDVP Index,0.9495,0
VEU US Equity,MXEA Index,0.9857,0
VFH US Equity,MXNA0FN Index,0.9986,0
VFMO US Equity,SMLG Index,0.969,0
VFQY US Equity,RMC Index,0.9882,0
VFVA US Equity,BBRESHOP Index,0.9402,0
VGK US Equity,MXEU000U Index,0.9923,0
VGT US Equity,MXUS0IT Index,0.9996,0
VHT US Equity,MXWOOHC Index,0.989,0
VICE US Equity,S15CASI Index,0.958,0
VIDI US Equity,MXEA000V Index,0.9551,0
VIG US Equity,SPXEWI Index,0.9763,0
VIGI US Equity,MXWDG Index,0.98,0
VIOG US Equity,SMLG Index,0.999,0
VIOO US Equity,SML Index,0.9966,0
XAR US Equity,MXPCJ Index,0.9207,0
XBI US Equity,MXAS0CS Index,0.9604,0
XCEM US Equity,MXEFZ Index,0.9591,0
XES US Equity,SPSIOS Index,0.9995,0
XHB US Equity,SPSIHO Index,0.9992,0
XHE US Equity,S4HLTH Index,0.9493,0
XHS US Equity,S4HLTH Index,0.928,0
VIOV US Equity,SMLV Index,0.9924,0
VIS US Equity,S15INDU Index,0.997,0
VLU US Equity,M6US000V Index,0.9915,0
VLUE US Equity,MXWO000V Index,0.9709,0
VNM US Equity,MXWDO Index,0.9473,0
VNQ US Equity,S15REAL Index,0.9978,0
VNQI US Equity,MXEUSC Index,0.9715,0
VO US Equity,RAY Index,0.9937,0
XMLV US Equity,S5TRADX Index,0.9539,0
XMMO US Equity,S6INFT Index,0.9279,0
XMVM US Equity,MIDV Index,0.9776,0
XNTK US Equity,MXEA0IT Index,0.9801,0
XOP US Equity,S15OILP Index,0.9948,0
XOUT US Equity,RLG Index,0.9973,0
XPH US Equity,MXWDUCD Index,0.9045,0
VSGX US Equity,MXWDU Index,0.9895,0
VSMV US Equity,BBREINDW Index,0.956,0
VSS US Equity,MXWOU Index,0.9869,0
VT US Equity,MXWDJ Index,0.998,0
VTHR US Equity,M6US Index,0.9992,0
VTI US Equity,ROY Index,0.9993,0
VTV US Equity,S15INSU Index,0.9512,0
VTWG US Equity,MXFA Index,0.9229,0
VOX US Equity,MXWOOTC Index,0.9966,0
VPC US Equity,DWRSF Index,0.9697,0
VPL US Equity,MXPC Index,0.9815,0
VPU US Equity,S15UTIL Index,0.9926,0
VRAI US Equity,DJDVP Index,0.9334,0
VSDA US Equity,S5TRADX Index,0.9528,0
VOE US Equity,M6US000V Index,0.9799,0
VONE US Equity,R200 Index,0.9988,0
VONG US Equity,RLG Index,0.9986,0
VONV US Equity,M6US000V Index,0.9957,0
VOO US Equity,SPXL3 Index,0.9961,0
VOOG US Equity,SGX Index,0.9987,0
VOOV US Equity,M6US000V Index,0.9878,0
VOT US Equity,MXWD000G Index,0.9887,0
XITK US Equity,MXJPSC Index,0.8957,0
YOLO US Equity,MXFE Index,0.9741,0
YPS US Equity,RAV Index,0.9906,0
ZIG US Equity,SPOEXEUP Index,0.98,0
XLB US Equity,MXUS0MT Index,0.9961,0
XLC US Equity,MXWOOTC Index,0.996,0
XLE US Equity,S15OILG Index,0.9994,0
XLF US Equity,IXM Index,0.9978,0
XLG US Equity,XEO Index,0.9937,0
XLI US Equity,S5INDU Index,0.9942,0
XLK US Equity,IXT Index,0.9992,0
VYM US Equity,S15INSU Index,0.9715,0
VYMI US Equity,MSDUUK Index,0.9837,0
WCLD US Equity,RDG Index,0.9288,0
WDIV US Equity,M3GB Index,0.9607,0
WFH US Equity,RDG Index,0.9815,0
WOOD US Equity,MXWO0MT Index,0.9125,0
WWJD US Equity,MXEU000U Index,0.9748,0
XLP US Equity,MXNA0CS Index,0.9959,0
XLRE US Equity,S15REAL Index,0.9872,0
XLSR US Equity,SPRL1 Index,0.993,0
XLU US Equity,S5UTIL Index,0.9928,0
XLV US Equity,S5HLTH Index,0.9943,0
XLY US Equity,IXY Index,0.9989,0
XME US Equity,SPSIMM Index,0.9996,0
XMHQ US Equity,MIDL1 Index,0.9908,0
VTWO US Equity,RUY Index,0.9979,0
VTWV US Equity,RUJ Index,0.9956,0
XRT US Equity,S6COND Index,0.9682,0
VUG US Equity,RAG Index,0.9991,0
VUSE US Equity,RAV Index,0.9687,0
VV US Equity,R200 Index,0.9992,0
VWO US Equity,MSALAAPF Index,0.9727,0
VXF US Equity,MXWOSC Index,0.971,0
XSD US Equity,SOX Index,0.956,0
XSHQ US Equity,S6FINL Index,0.9363,0
XSLV US Equity,SPW Index,0.9458,0
VXUS US Equity,MXEA Index,0.9876,0
XSMO US Equity,SMLG Index,0.9632,0
XSOE US Equity,MXASJ Index,0.9943,0
XSVM US Equity,BBRESHOP Index,0.9482,0
XSW US Equity,RDG Index,0.9781,0
XT US Equity,MXWD000G Index,0.9856,0
XTN US Equity,CTRN Index,0.9571,0
XYLD US Equity,BBREAPT Index,0.9747,0
YLDE US Equity,MXUS000V Index,0.9724,0
